"Gene symbol","Cluster number"
"Cox5b","1"
"Rpl31","1"
"Raph1","1"
"Acadl","1"
"Erbb4","1"
"Fn1","1"
"Rpl37a","1"
"Tns1","1"
"Arpc2","1"
"Zfp142","1"
"Cyp27a1","1"
"Serpine2","1"
"Pid1","1"
"Gli2","1"
"Ccnt2","1"
"Rab3gap1","1"
"C4bp","1"
"Mapkapk2","1"
"Adipor1","1"
"Lamc1","1"
"Qsox1","1"
"Prdx6","1"
"Ndufs2","1"
"Stam","1"
"Etl4","1"
"Arhgap21","1"
"Apbb1ip","1"
"Ssna1","1"
"Surf6","1"
"Sh3glb2","1"
"Hmcn2","1"
"Fibcd1","1"
"Fam102a","1"
"Dab2ip","1"
"Ndufa8","1"
"Ola1","1"
"Ttn","1"
"Dgkz","1"
"Hsd17b12","1"
"Fam98b","1"
"Ppp1r14d","1"
"Mga","1"
"Mall","1"
"Adam33","1"
"9630028H03Rik","1"
"Ndufaf5","1"
"H13","1"
"Gss","1"
"Fam83d","1"
"Serinc3","1"
"Ywhab","1"
"Vapb","1"
"Psma7","1"
"Pik3ca","1"
"Dnajc19","1"
"Atp11b","1"
"Rfxap","1"
"Arhgef26","1"
"Mfsd1","1"
"Hdgf","1"
"Lmna","1"
"Rit1","1"
"Tpm3","1"
"S100a6","1"
"Pogz","1"
"Psmd4","1"
"Mcl1","1"
"Adamtsl4","1"
"Hmgcs2","1"
"Hao2","1"
"Atp1a1","1"
"Rhoc","1"
"Rap1a","1"
"Gstm1","1"
"Ostc","1"
"Gbp3","1"
"Lmo4","1"
"Ddah1","1"
"Asph","1"
"Plekhf2","1"
"Slc35a1","1"
"Ndufb6","1"
"Bag1","1"
"Nol6","1"
"Tpm2","1"
"Alad","1"
"Tnc","1"
"Cdk5rap2","1"
"Psip1","1"
"Plin2","1"
"Leprot","1"
"Osbpl9","1"
"Skint3","1"
"Rps8","1"
"Psmb2","1"
"Khdrbs1","1"
"Mecr","1"
"Trnau1ap","1"
"Phactr4","1"
"Wdtc1","1"
"Cdc42","1"
"Ddost","1"
"Fbxo42","1"
"Pdpn","1"
"Plod1","1"
"Mmp23","1"
"Ube2j2","1"
"Fgl2","1"
"Reln","1"
"Agap3","1"
"Hadhb","1"
"Ost4","1"
"Clnk","1"
"Limch1","1"
"Ociad2","1"
"Pdgfra","1"
"Stbd1","1"
"Mrps18c","1"
"Ulk1","1"
"Ube3b","1"
"Sppl3","1"
"Tctn1","1"
"Cldn3","1"
"Ywhag","1"
"Pdgfa","1"
"Snx8","1"
"Eif3b","1"
"Chst12","1"
"Pdap1","1"
"Bud31","1"
"Atp5j2","1"
"Zkscan14","1"
"Katnal1","1"
"Arf5","1"
"Irf5","1"
"Podxl","1"
"Agk","1"
"Gimap8","1"
"Igf2bp3","1"
"Tra2a","1"
"Wipf3","1"
"Fam13a","1"
"Kdm3a","1"
"Tex261","1"
"Snrpg","1"
"Rpn1","1"
"Sec61a1","1"
"Fbln2","1"
"Frmd4b","1"
"Edem1","1"
"Thumpd3","1"
"Atg7","1"
"Zfp422","1"
"Foxj2","1"
"Emg1","1"
"Phb2","1"
"Atn1","1"
"Mlf2","1"
"Scnn1a","1"
"Gprc5a","1"
"Cmas","1"
"Myadm","1"
"Ppp6r1","1"
"Zc3h4","1"
"Irf2bp1","1"
"Snrpd2","1"
"Ceacam20","1"
"Zfp568","1"
"Fxyd3","1"
"Tshz3","1"
"Rps11","1"
"Fut2","1"
"Mfge8","1"
"Pde8a","1"
"Homer2","1"
"Ndufc2","1"
"Rps3","1"
"Spcs2","1"
"Pde2a","1"
"Eif3f","1"
"Lyve1","1"
"Mettl9","1"
"Aldoa","1"
"Fgfr2","1"
"Dock1","1"
"Ppp2r2d","1"
"Rplp2","1"
"Tspan4","1"
"Chid1","1"
"Ccnd1","1"
"Arhgef18","1"
"Sfrp1","1"
"Fnta","1"
"Zdhhc2","1"
"Asah1","1"
"Lzts1","1"
"Gatad2a","1"
"Rab8a","1"
"Il15","1"
"Prkaca","1"
"Dcaf15","1"
"Nacc1","1"
"Nfix","1"
"Chd9","1"
"Nudt7","1"
"Cmc2","1"
"Vps9d1","1"
"Itgb1","1"
"Birc2","1"
"Birc3","1"
"Arhgap32","1"
"Thy1","1"
"Tagln","1"
"Ncam1","1"
"Dlat","1"
"Psma4","1"
"Chrnb4","1"
"Hmg20a","1"
"Cox5a","1"
"Rplp1","1"
"Smad3","1"
"Spg21","1"
"Tpm1","1"
"Rora","1"
"Manf","1"
"Rhoa","1"
"Gpx1","1"
"Shisa5","1"
"Dhx30","1"
"Ubp1","1"
"Dync1li1","1"
"Tgfbr2","1"
"Rbms3","1"
"Acaa1a","1"
"Rpsa","1"
"Ctnnb1","1"
"Lars2","1"
"Rps12","1"
"Med23","1"
"Arg1","1"
"Marcks","1"
"Sesn1","1"
"Tcf3","1"
"Mknk2","1"
"Timp3","1"
"Mybpc1","1"
"Atxn7l3b","1"
"Tmbim4","1"
"Msrb3","1"
"Tbc1d30","1"
"Arhgef25","1"
"Smarcc2","1"
"C1d","1"
"Slit3","1"
"Mgat1","1"
"Flt4","1"
"Mapk9","1"
"Mgat4b","1"
"Canx","1"
"Col23a1","1"
"Uqcrq","1"
"Atox1","1"
"Rai1","1"
"2410006H16Rik","1"
"Cox10","1"
"Gas7","1"
"Zbtb4","1"
"Eno3","1"
"Camta2","1"
"Nf1","1"
"Cisd3","1"
"Smarce1","1"
"Ttyh2","1"
"Ten1","1"
"Prpsap1","1"
"Arhgdia","1"
"Pdia6","1"
"Dgkb","1"
"Baz1a","1"
"Mipol1","1"
"Pnn","1"
"Arf6","1"
"Gpx2","1"
"Srsf5","1"
"Rbm25","1"
"Snw1","1"
"Otub2","1"
"Ifi27l2a","1"
"Ifi27l2b","1"
"Tecpr2","1"
"Amn","1"
"Ckb","1"
"Pou6f2","1"
"Vps41","1"
"Serpinb6a","1"
"Ssr1","1"
"Mcur1","1"
"Ecm2","1"
"Iars","1"
"4833439L19Rik","1"
"Cltb","1"
"Prelid1","1"
"Med10","1"
"Rps23","1"
"Thbs4","1"
"Naip1","1"
"Ndufs4","1"
"Ube2e2","1"
"Thoc7","1"
"Anxa7","1"
"Dennd6a","1"
"Pbrm1","1"
"Stab1","1"
"Sh3bp5","1"
"Lgals3","1"
"Ttc5","1"
"Dcaf11","1"
"Trim13","1"
"Rcbtb2","1"
"Rpl37","1"
"Adamts12","1"
"Tars","1"
"Zfr","1"
"Rpl30","1"
"Pabpc1","1"
"Ncald","1"
"Wdyhv1","1"
"Ndufb9","1"
"Mtss1","1"
"Trib1","1"
"Gsdmc4","1"
"Kcnq3","1"
"Trappc9","1"
"Ptp4a3","1"
"Eef1d","1"
"Sharpin","1"
"Adck5","1"
"Apol6","1"
"Rbfox2","1"
"H1f0","1"
"Ankrd54","1"
"Tnrc6b","1"
"Pced1b","1"
"Senp1","1"
"Tuba1b","1"
"Tuba1a","1"
"Tarbp2","1"
"Calcoco1","1"
"Copz1","1"
"Ubn1","1"
"Usp7","1"
"Sdf2l1","1"
"Slc25a1","1"
"Ranbp1","1"
"Mrpl40","1"
"Ap2m1","1"
"Psmd2","1"
"Fgf12","1"
"Rpl35a","1"
"Cd200","1"
"Adamts5","1"
"Ltn1","1"
"Usp16","1"
"Gart","1"
"Dyrk1a","1"
"Scaf8","1"
"Slc22a1","1"
"Stub1","1"
"Rps10","1"
"Snrpc","1"
"Srpk1","1"
"Ndufv3","1"
"Wiz","1"
"H2-Aa","1"
"Stk19","1"
"1110038B12Rik","1"
"Sh3gl1","1"
"Ndufa11","1"
"Lclat1","1"
"Strn","1"
"Zeb1","1"
"Ccny","1"
"Map3k2","1"
"Lmnb1","1"
"Rbm22","1"
"Wdr7","1"
"Atp8b1","1"
"Lman1","1"
"Smad4","1"
"Myo5b","1"
"Dok6","1"
"Ndufs8","1"
"Kdm2a","1"
"Yif1a","1"
"Sf3b2","1"
"Banf1","1"
"Kat5","1"
"Sf1","1"
"Stip1","1"
"Ganab","1"
"Mta2","1"
"Ahnak","1"
"Ms4a7","1"
"Pgm5","1"
"Slc16a12","1"
"Myof","1"
"Aldh18a1","1"
"Marveld1","1"
"Chuk","1"
"Trim8","1"
"Glod5","1"
"Tspan7","1"
"Il13ra1","1"
"Stag2","1"
"Aifm1","1"
"Ids","1"
"Bgn","1"
"Lage3","1"
"Nox1","1"
"Cldn2","1"
"Tsr2","1"
"mt-Nd1","1"
"mt-Co1","1"
"mt-Co2","1"
"mt-Atp6","1"
"Ube2w","2"
"Pam","2"
"Ptprc","2"
"Cox20","2"
"Pip4k2a","2"
"Cutal","2"
"Agps","2"
"Ehf","2"
"Ccdc73","2"
"Procr","2"
"Wfdc2","2"
"Rnf114","2"
"Zbp1","2"
"Plekho1","2"
"Cnn3","2"
"Dnajb14","2"
"Ttc39a","2"
"Toe1","2"
"Sdf4","2"
"Nrbp1","2"
"Tgfbr3","2"
"Chfr","2"
"Polr1d","2"
"Sval3","2"
"Rab43","2"
"Gt(ROSA)26Sor","2"
"Klra7","2"
"Apoc2","2"
"Lrp3","2"
"Sytl2","2"
"Kcne3","2"
"Tmem159","2"
"Ppp4c","2"
"Otud4","2"
"Tox3","2"
"Nae1","2"
"Arhgef12","2"
"Phldb1","2"
"Myo6","2"
"Ccdc51","2"
"Cnot10","2"
"Stx7","2"
"Rrp1","2"
"Tspan8","2"
"Lyz2","2"
"Ddc","2"
"Cnot6","2"
"Slc36a1","2"
"Cnp","2"
"Smim6","2"
"Fntb","2"
"Zfp839","2"
"Jarid2","2"
"Ddx41","2"
"Rsl1","2"
"Ap3b1","2"
"F2r","2"
"Naip5","2"
"Hmgcs1","2"
"Mustn1","2"
"Tspan14","2"
"Dcaf13","2"
"Rims2","2"
"Lmf2","2"
"Pkp2","2"
"Eif2b5","2"
"Map3k7cl","2"
"Son","2"
"Clic6","2"
"Tnfrsf21","2"
"Vegfa","2"
"Map4k3","2"
"Srp19","2"
"Pcdhb12","2"
"Ndufv1","2"
"Neurl1a","2"
"Tbc1d25","2"
"Slc9a7","2"
"G6pdx","2"
"2610203C22Rik","3"
"Mfsd6","3"
"Sumo1","3"
"Aamp","3"
"Dbi","3"
"Phlda3","3"
"Mgst3","3"
"Sdhc","3"
"Cd84","3"
"Fh1","3"
"Pycr2","3"
"Lbr","3"
"Ppp2r5a","3"
"Kcnh1","3"
"Atp5c1","3"
"Gpr158","3"
"Ubac1","3"
"Surf1","3"
"Surf4","3"
"Gle1","3"
"Prrc2b","3"
"Fpgs","3"
"Gsn","3"
"Rpl35","3"
"Cwc22","3"
"Itgav","3"
"Ctnnd1","3"
"Serping1","3"
"Hipk3","3"
"Qser1","3"
"Arl14ep","3"
"Mettl15","3"
"Nop10","3"
"Chp1","3"
"Snrpb","3"
"Cst3","3"
"Pofut1","3"
"Chmp4b","3"
"Dynlrb1","3"
"Samhd1","3"
"Ythdf1","3"
"Rpl22l1","3"
"Prkci","3"
"Postn","3"
"Alg5","3"
"P2ry14","3"
"B3galnt1","3"
"Scamp3","3"
"S100a4","3"
"Pias3","3"
"Vcam1","3"
"Gbp2","3"
"Wls","3"
"Decr1","3"
"Ndufaf4","3"
"Lingo2","3"
"Ubap1","3"
"Grin3a","3"
"Klf4","3"
"Lpar1","3"
"Cyp2j6","3"
"Tmem59","3"
"Lrp8","3"
"Nrd1","3"
"Agbl4","3"
"Tspan1","3"
"Pik3r3","3"
"Pigv","3"
"Hspb7","3"
"Mfn2","3"
"Tardbp","3"
"Ube4b","3"
"Rpl22","3"
"Sri","3"
"Ptpn12","3"
"Ppm1g","3"
"Spon2","3"
"Htra3","3"
"Ube2k","3"
"Cds1","3"
"Arhgap24","3"
"Gfi1","3"
"Atp5k","3"
"Ep400","3"
"Rplp0","3"
"Rasa4","3"
"Polr2j","3"
"Foxk1","3"
"Bri3","3"
"Col1a2","3"
"Casd1","3"
"Ndufa4","3"
"Smo","3"
"Mkln1","3"
"9330158H04Rik","3"
"Tmem213","3"
"1700074P13Rik","3"
"Cntnap2","3"
"Tmem176b","3"
"Nt5c3","3"
"Igkc","3"
"Mrps25","3"
"Cxcl12","3"
"Adipor2","3"
"C3ar1","3"
"Ccnd2","3"
"Clec2d","3"
"Mgp","3"
"Strap","3"
"Calm3","3"
"Rabac1","3"
"Fbl","3"
"Tmem147","3"
"Tbc1d17","3"
"Nucb1","3"
"Ppp1r15a","3"
"Zfand6","3"
"2310010J17Rik","3"
"Prcp","3"
"Dgat2","3"
"Zfp768","3"
"Fus","3"
"Fbxo25","3"
"Vps36","3"
"Ing2","3"
"Mfap3l","3"
"B3gnt3","3"
"Man2b1","3"
"Adcy7","3"
"Mt1","3"
"Arl2bp","3"
"Bean1","3"
"Nfatc3","3"
"Slc7a6os","3"
"Psmd7","3"
"Cntn5","3"
"Eif3g","3"
"Opcml","3"
"Nptn","3"
"Dapk2","3"
"Arpp19","3"
"Stag1","3"
"Ryk","3"
"Srprb","3"
"Acpp","3"
"Ip6k2","3"
"Ccr5","3"
"Pcmt1","3"
"Slc35f1","3"
"Pcbd1","3"
"Misp","3"
"Nfyb","3"
"Nav3","3"
"Rap1b","3"
"Rnf185","3"
"Nudcd3","3"
"4930554G24Rik","3"
"Usp34","3"
"Cpeb4","3"
"Stk10","3"
"Maml1","3"
"Ppp2ca","3"
"Mprip","3"
"Ubb","3"
"Chd3","3"
"Polr2a","3"
"Tmem256","3"
"Ggt6","3"
"Ube2g1","3"
"Ovca2","3"
"Cpd","3"
"Supt6","3"
"Slc13a2","3"
"Lgals9","3"
"Ccl6","3"
"Vmp1","3"
"Srsf1","3"
"Hoxb6","3"
"Jup","3"
"Eftud2","3"
"Efcab3","3"
"Rab37","3"
"Mrps7","3"
"Grb2","3"
"Wbp2","3"
"Fbf1","3"
"Lgals3bp","3"
"Cbx4","3"
"Rnf213","3"
"Hgs","3"
"Ddx1","3"
"Odc1","3"
"Sypl","3"
"Agr2","3"
"Sptssa","3"
"Dlst","3"
"Serpina3n","3"
"Eif5","3"
"Dip2c","3"
"Stard3nl","3"
"Acot13","3"
"Serpinb1a","3"
"Tubb2a","3"
"Prpf4b","3"
"Fam193b","3"
"Idnk","3"
"Hapln1","3"
"Naip6","3"
"Pde4d","3"
"Itga1","3"
"Il3ra","3"
"Zmiz1","3"
"Zcchc24","3"
"Chdh","3"
"Arhgap22","3"
"2610528A11Rik","3"
"Ghitm","3"
"Psme1","3"
"Gpr180","3"
"Clybl","3"
"Lifr","3"
"Zfp622","3"
"Cpq","3"
"Vps13b","3"
"Cox6c","3"
"Gsdmd","3"
"Slc39a4","3"
"Smim22","3"
"Gspt1","3"
"Alg3","3"
"2510009E07Rik","3"
"Ppp1r2","3"
"Cxadr","3"
"Paxbp1","3"
"Hmgn1","3"
"Sh3bgr","3"
"Tiam2","3"
"Snhg9","3"
"Rab11fip3","3"
"Ergic1","3"
"Atp6v0e","3"
"Bak1","3"
"Rpl10a","3"
"Hnrnpm","3"
"Ndufa7","3"
"H2-K1","3"
"Tap1","3"
"C4b","3"
"Nelfe","3"
"Abhd16a","3"
"Slc35b2","3"
"Ubr2","3"
"Plin3","3"
"Lama1","3"
"Smchd1","3"
"Lrpprc","3"
"Msh2","3"
"Mapre2","3"
"Wdr33","3"
"Gnpda1","3"
"Myot","3"
"Pcyox1l","3"
"Seh1l","3"
"Smad2","3"
"Cdk2ap2","3"
"Atl3","3"
"Ttc9c","3"
"Tmem109","3"
"D030056L22Rik","3"
"Exoc6","3"
"Tm9sf3","3"
"Mms19","3"
"Sema4g","3"
"Mrpl43","3"
"Sfr1","3"
"Sorcs1","3"
"Cask","3"
"Maoa","3"
"Pgrmc1","3"
"Slc25a5","3"
"Hprt","3"
"Ssr4","3"
"Atp6ap1","3"
"Pls3","3"
"Rnf128","3"
"Rps6ka3","3"
"Sh3kbp1","3"
"Pdha1","3"
"Piga","3"
"Ddx3y","3"
"Ncoa2","4"
"Rpl7","4"
"Pdcl3","4"
"Fhl2","4"
"Gls","4"
"Bard1","4"
"Nhej1","4"
"Stk16","4"
"C130026I21Rik","4"
"Mlph","4"
"Asb1","4"
"Hdlbp","4"
"Prelp","4"
"Ier5","4"
"Igsf8","4"
"Srp9","4"
"Cd34","4"
"Rsu1","4"
"Mrpl41","4"
"Set","4"
"Cdk9","4"
"Ppp6c","4"
"Mbd5","4"
"Dync1i2","4"
"Rbm45","4"
"Nckap1","4"
"Madd","4"
"Cd82","4"
"Mfap1a","4"
"Ahcy","4"
"Trpc4ap","4"
"Pkig","4"
"Pltp","4"
"Bcas1","4"
"Atp5e","4"
"Tpd52","4"
"Ythdf3","4"
"Gyg","4"
"Lrba","4"
"Krtcap2","4"
"S100a13","4"
"Sprr2a3","4"
"Otud7b","4"
"Bola1","4"
"Fnbp1l","4"
"Camk2d","4"
"Ube2j1","4"
"Dcaf12","4"
"Zcchc7","4"
"Slc44a1","4"
"Atp6v1g1","4"
"Rps6","4"
"Tm2d1","4"
"Insl5","4"
"Eps15","4"
"Pomgnt1","4"
"Mast2","4"
"Hectd3","4"
"Scmh1","4"
"Meaf6","4"
"Rpa2","4"
"Rnf186","4"
"Mtor","4"
"Cdk11b","4"
"Armc10","4"
"Hgfac","4"
"Med28","4"
"Pgm2","4"
"Dgkq","4"
"Golga3","4"
"Coro1c","4"
"Pop5","4"
"BC051077","4"
"Eif2b1","4"
"Clip2","4"
"Zfp68","4"
"Tspan12","4"
"Rarres2","4"
"Vopp1","4"
"Rpia","4"
"Mcm2","4"
"Xpc","4"
"Mfap5","4"
"Lpcat3","4"
"Gapdh","4"
"Kcnj8","4"
"Sspn","4"
"Ergic2","4"
"Cyp2s1","4"
"Ltbp4","4"
"Shkbp1","4"
"Rras","4"
"Prrg2","4"
"Ntrk3","4"
"Whamm","4"
"Crebzf","4"
"Arhgef17","4"
"Rhog","4"
"Smpd1","4"
"Mrpl17","4"
"Spon1","4"
"Uqcrc2","4"
"Clrn3","4"
"Aga","4"
"Sh3rf1","4"
"Arhgap10","4"
"Farsa","4"
"Vps35","4"
"Mt2","4"
"Got2","4"
"Pdpr","4"
"Mlkl","4"
"Icam1","4"
"Carm1","4"
"Tmem205","4"
"Ube2q2","4"
"Scamp2","4"
"Neo1","4"
"Cln6","4"
"Snx1","4"
"Anxa2","4"
"Cox7a2","4"
"Mthfs","4"
"Slc9a9","4"
"Anapc13","4"
"Amotl2","4"
"Rpl29","4"
"Cdcp1","4"
"Myb","4"
"Hint3","4"
"Smpdl3a","4"
"Col6a2","4"
"Med16","4"
"Tmem259","4"
"Map2k2","4"
"Zbtb7a","4"
"Fzr1","4"
"Gnptab","4"
"Atp2b1","4"
"Grip1","4"
"Gns","4"
"Myo1a","4"
"Tbc1d10a","4"
"Ugp2","4"
"Mpg","4"
"Trim41","4"
"Naa38","4"
"Nup88","4"
"Blmh","4"
"Asic2","4"
"Ccl8","4"
"Ccl9","4"
"Eme1","4"
"Slc35b1","4"
"Kpnb1","4"
"Nr1d1","4"
"Casc3","4"
"Psme3","4"
"Etv4","4"
"Ppy","4"
"Ftsj3","4"
"Ddx5","4"
"Srsf2","4"
"Anapc11","4"
"Slc38a6","4"
"Fbln5","4"
"Hsp90aa1","4"
"Mark3","4"
"Serpinb9","4"
"Nup153","4"
"2210016F16Rik","4"
"Ctsl","4"
"Ccdc127","4"
"F2rl1","4"
"Sv2c","4"
"Tnpo1","4"
"Tkt","4"
"Bap1","4"
"Ktn1","4"
"Kpna3","4"
"Adamdec1","4"
"Ccar2","4"
"Lmo7","4"
"Oxct1","4"
"C1qtnf3","4"
"Golph3","4"
"Oxr1","4"
"Polr2f","4"
"Rpl3","4"
"Rabl2","4"
"Kansl2","4"
"Tuba1c","4"
"Krt7","4"
"Eif4b","4"
"Aifm3","4"
"Tfg","4"
"St3gal6","4"
"App","4"
"Scaf4","4"
"Traf7","4"
"Mapk8ip3","4"
"Nme4","4"
"Phf1","4"
"Srsf3","4"
"Cyp4f14","4"
"Agpat1","4"
"Trim26","4"
"Kcnh8","4"
"Ppm1b","4"
"Epc1","4"
"Cdx1","4"
"Rnmt","4"
"BC031181","4"
"Atp5a1","4"
"Txnl4a","4"
"Mrpl21","4"
"Cfl1","4"
"Macrod1","4"
"Naa40","4"
"Prpf19","4"
"Zfand5","4"
"Pten","4"
"Ffar4","4"
"Nkx2-3","4"
"Erlin1","4"
"Cuedc2","4"
"Trub1","4"
"Otud5","4"
"Mid1ip1","4"
"Emd","4"
"Hnrnph2","4"
"Smc1a","4"
"Arfgef1","5"
"Nck2","5"
"Stat1","5"
"Nab1","5"
"Nrp2","5"
"Creb1","5"
"Ppp1r12b","5"
"Dpt","5"
"Rgs5","5"
"Capn2","5"
"Ralgds","5"
"Angptl2","5"
"Ly75","5"
"Gorasp2","5"
"Ube2l6","5"
"Caprin1","5"
"Slc30a4","5"
"Tmem87b","5"
"Rgs19","5"
"Hey1","5"
"Nbea","5"
"Serp1","5"
"Adar","5"
"Rps27","5"
"Capza1","5"
"Rap1gds1","5"
"Pigk","5"
"Acer2","5"
"Map7d1","5"
"5730409E04Rik","5"
"Atpif1","5"
"Pnrc2","5"
"Hp1bp3","5"
"Gnb1","5"
"Magi2","5"
"Chpf2","5"
"Pcdh7","5"
"G3bp2","5"
"Tyw1","5"
"Auts2","5"
"Ephb4","5"
"Mgam","5"
"Malsu1","5"
"Znrf2","5"
"Kcmf1","5"
"Chchd4","5"
"Srgap3","5"
"Fbxl14","5"
"Pex26","5"
"Apobec1","5"
"Tpi1","5"
"Eps8","5"
"D6Ertd474e","5"
"Epn1","5"
"Clptm1","5"
"Ceacam10","5"
"Zfp36","5"
"Sycn","5"
"Actn4","5"
"2310002F09Rik","5"
"Med25","5"
"Herc2","5"
"Mcee","5"
"Rnf141","5"
"Coro1a","5"
"Trim72","5"
"Lrrc56","5"
"Cdkn1c","5"
"Tubgcp3","5"
"Dda1","5"
"Zfp961","5"
"Psmb10","5"
"Cog4","5"
"Gabarapl2","5"
"Pin1","5"
"Ilf3","5"
"Sdhd","5"
"Cspg4","5"
"Rpl4","5"
"Herc1","5"
"Rsl24d1","5"
"Phip","5"
"Qars","5"
"Limd1","5"
"Nus1","5"
"Ccdc6","5"
"Chchd10","5"
"Rtcb","5"
"Rpl41","5"
"Xbp1","5"
"Dbnl","5"
"Ykt6","5"
"Rtn4","5"
"Npm1","5"
"Mfap3","5"
"Sap30l","5"
"Acadvl","5"
"Zfp207","5"
"Myo1d","5"
"Ap2b1","5"
"Mbtd1","5"
"Mrpl45","5"
"Eif1","5"
"Pyy","5"
"Abca8b","5"
"Tmc8","5"
"Engase","5"
"Ralgapa1","5"
"Snapc1","5"
"Wdr89","5"
"Pcnx","5"
"Zfyve21","5"
"Zbtb42","5"
"Pcbd2","5"
"Ptcd2","5"
"Nnt","5"
"Kcnma1","5"
"Parp2","5"
"Dad1","5"
"Ptk2b","5"
"Tsc22d1","5"
"Dnajc3","5"
"Sdc2","5"
"Ly6c1","5"
"Ep300","5"
"Tef","5"
"Atxn10","5"
"Arid2","5"
"Hnrnpa1","5"
"Cbr3","5"
"Ube2i","5"
"Axin1","5"
"Tapbp","5"
"Clic5","5"
"F630040K05Rik","5"
"Klc4","5"
"Rab12","5"
"Ptprm","5"
"Yipf5","5"
"Lars","5"
"Phax","5"
"Csnk1a1","5"
"Drap1","5"
"Capn1","5"
"Dnajc4","5"
"Chrm1","5"
"Syt7","5"
"Btrc","5"
"Nolc1","5"
"4833407H14Rik","5"
"Timm17b","5"
"Atp11c","5"
"Itm2a","5"
"Rbbp7","5"
"Pir","5"
"Tcea1","6"
"Blcap","6"
"Eif2a","6"
"Eif2b3","6"
"Zc3h12a","6"
"Lnx2","6"
"Tfec","6"
"Dysf","6"
"Wnk1","6"
"Prr14","6"
"4930555F03Rik","6"
"Nfat5","6"
"Snapc5","6"
"Socs2","6"
"Fzd2","6"
"Slc38a10","6"
"Cfl2","6"
"4930544I03Rik","6"
"A4galt","6"
"Trabd","6"
"Abcf3","6"
"Cyp39a1","6"
"Epcam","6"
"Hars","6"
"Chka","6"
"Tmem258","6"
"Lmbrd1","7"
"Hs6st1","7"
"Spats2l","7"
"Cul3","7"
"Trip12","7"
"Smg7","7"
"Slc19a2","7"
"Pou2f1","7"
"Zbtb18","7"
"Abi1","7"
"St6galnac6","7"
"Pbx3","7"
"Cdca7","7"
"Pamr1","7"
"Itpripl1","7"
"Tgm3","7"
"Naa20","7"
"Rpn2","7"
"Zfp64","7"
"Gnas","7"
"Ndufb5","7"
"Ufm1","7"
"Nfkb1","7"
"Casp8ap2","7"
"Mob3b","7"
"Ccl21a","7"
"Klhl9","7"
"Plaa","7"
"Macf1","7"
"C1qb","7"
"Hspg2","7"
"Rer1","7"
"Ankib1","7"
"Htt","7"
"Ccni","7"
"Hnrnpd","7"
"Coq2","7"
"Noc4l","7"
"Ptpn11","7"
"Tmem132d","7"
"Ppp1r35","7"
"Lamtor4","7"
"Atoh1","7"
"Mat2a","7"
"Tet3","7"
"Rpl32","7"
"Kras","7"
"Rpl28","7"
"Rpl13a","7"
"Atp10a","7"
"Tm2d3","7"
"Alg8","7"
"Dctn5","7"
"Nlrp6","7"
"Dctd","7"
"Nr2f6","7"
"Smad1","7"
"Nup93","7"
"Dok4","7"
"Cmip","7"
"Arhgap42","7"
"Ap1m2","7"
"Prkcsh","7"
"Dpagt1","7"
"Tspan3","7"
"Arih1","7"
"Hexa","7"
"Rab27a","7"
"Lats1","7"
"Nrbf2","7"
"Arl1","7"
"Cnpy2","7"
"Tcn2","7"
"Igfbp3","7"
"Wdr92","7"
"Cct4","7"
"Pttg1","7"
"Lypd8","7"
"Map2k4","7"
"Pfn1","7"
"Ssh2","7"
"Traf4","7"
"Fbxl20","7"
"Ppp1r1b","7"
"Krt20","7"
"Acly","7"
"Rab5c","7"
"Becn1","7"
"Rpl38","7"
"Hexdc","7"
"Tspan13","7"
"Arl4a","7"
"Nek9","7"
"Glrx5","7"
"Gpld1","7"
"Auh","7"
"Nsd1","7"
"Rab24","7"
"Caml","7"
"Dapk1","7"
"Nsun2","7"
"Exoc3","7"
"Tmem167","7"
"Bmp4","7"
"Psmb5","7"
"Lcp1","7"
"Klf5","7"
"Tomm22","7"
"Aco2","7"
"Twf1","7"
"Slc38a2","7"
"Zc3h7a","7"
"Pla2g10","7"
"Med15","7"
"Tra2b","7"
"Opa1","7"
"Muc13","7"
"Ndufb4","7"
"Wtap","7"
"Zfp942","7"
"Atp6v0c","7"
"Mtch1","7"
"Slc37a1","7"
"Psmb8","7"
"Csnk2b","7"
"Hsp90ab1","7"
"Acer1","7"
"Twsg1","7"
"Cox7a2l","7"
"Mep1b","7"
"Ube2d2a","7"
"Zmat2","7"
"Txnl1","7"
"Ppp1ca","7"
"Pgam1","7"
"R3hcc1l","7"
"Scd1","7"
"Casp7","7"
"Atrnl1","7"
"Uba1","7"
"Sat1","7"
"Cops5","8"
"Col5a2","8"
"Plcl1","8"
"Tpr","8"
"Cacna1e","8"
"Dtl","8"
"Optn","8"
"Ccdc3","8"
"Rapgef1","8"
"Rab14","8"
"Upp2","8"
"Cers6","8"
"Spc25","8"
"Haus2","8"
"Smox","8"
"Zfp217","8"
"Fndc3b","8"
"Fxr1","8"
"Igsf10","8"
"Ssr2","8"
"Ilf2","8"
"Setdb1","8"
"Hipk1","8"
"Ahcyl1","8"
"Celsr2","8"
"Papss1","8"
"Cth","8"
"Il11ra1","8"
"Rad23b","8"
"Focad","8"
"Zmym4","8"
"Tmem222","8"
"Sdhb","8"
"Krit1","8"
"Mapre3","8"
"Rbm47","8"
"Slain2","8"
"Sec31a","8"
"Sart3","8"
"Pxn","8"
"Trafd1","8"
"Tmem248","8"
"Gtf2i","8"
"Gna12","8"
"2610001J05Rik","8"
"Creb3l2","8"
"Zfp956","8"
"Tmcc1","8"
"Usp5","8"
"Sae1","8"
"Polr2i","8"
"Atf5","8"
"Prmt1","8"
"Nomo1","8"
"Nav2","8"
"Idh2","8"
"Zfp592","8"
"Dlg2","8"
"Aamdc","8"
"Lipt2","8"
"Coa4","8"
"Rassf7","8"
"Sgcz","8"
"Slc25a4","8"
"Csgalnact1","8"
"Atp13a1","8"
"Upf1","8"
"Heatr3","8"
"Ap1g1","8"
"Marveld3","8"
"Rbm34","8"
"Gucy1a2","8"
"Rexo2","8"
"Idh3a","8"
"Pccb","8"
"Cmtm8","8"
"Golga4","8"
"Snrk","8"
"Clec3b","8"
"Sacm1l","8"
"Stxbp5","8"
"Akap7","8"
"Lama2","8"
"Trmt11","8"
"Sar1a","8"
"Hmg20b","8"
"Smtn","8"
"Otx1","8"
"Xpo1","8"
"Rars","8"
"Pdlim4","8"
"Slfn4","8"
"Synrg","8"
"Zfp652","8"
"Stard3","8"
"Ubtf","8"
"Hexim1","8"
"Cdc27","8"
"Cygb","8"
"Cant1","8"
"Gps1","8"
"Mnat1","8"
"Plek2","8"
"Pigh","8"
"Psen1","8"
"Golga5","8"
"Mta1","8"
"Smim13","8"
"Ecd","8"
"Mrps16","8"
"Mettl3","8"
"Tinf2","8"
"Pspc1","8"
"Ints9","8"
"Tbc1d4","8"
"Mbnl2","8"
"Gpr20","8"
"Hsf1","8"
"Rpl8","8"
"Apobec3","8"
"Ndufa6","8"
"Fbln1","8"
"Chkb","8"
"Prkag1","8"
"Eif4a2","8"
"Fam162a","8"
"Naa50","8"
"Pgp","8"
"2310061I04Rik","8"
"Daam2","8"
"Yipf4","8"
"Wac","8"
"Reep5","8"
"Cystm1","8"
"Slc3a2","8"
"Sgms1","8"
"Fhl1","8"
"Gdi1","8"
"Rps4x","8"
"Atrx","8"
"Atp7a","8"
"Morf4l2","8"
"Fam168b","9"
"Aff3","9"
"Tm4sf20","9"
"Atg16l1","9"
"Ramp1","9"
"Atp1b1","9"
"Pbx1","9"
"Alyref2","9"
"Rpl7a","9"
"Cacfd1","9"
"Psmd5","9"
"Ttll11","9"
"Pdcl","9"
"Ssb","9"
"Ssrp1","9"
"Pdia3","9"
"B2m","9"
"Romo1","9"
"Ctsa","9"
"Atp9a","9"
"Rps21","9"
"Chmp4c","9"
"Cog6","9"
"Supt20","9"
"S100a1","9"
"Arnt","9"
"Ctss","9"
"Golph3l","9"
"Gstm2","9"
"Gnai3","9"
"Acadm","9"
"Slc44a5","9"
"Ddx58","9"
"B4galt1","9"
"Txn1","9"
"Inpp5b","9"
"Pithd1","9"
"C1qc","9"
"Epha8","9"
"Necap2","9"
"Srm","9"
"Lrrc47","9"
"Fastk","9"
"Mrpl33","9"
"Chic2","9"
"Ugt2b34","9"
"Fras1","9"
"Anxa3","9"
"2900026A02Rik","9"
"Tmem119","9"
"Ssh1","9"
"Fam222a","9"
"Zcchc8","9"
"Vps37b","9"
"Arl6ip4","9"
"Dnajc30","9"
"Arpc1b","9"
"Zkscan5","9"
"Rpl21","9"
"Rnf181","9"
"Suclg1","9"
"Spr","9"
"Cct7","9"
"Pcbp1","9"
"Chl1","9"
"Tada3","9"
"Hnrnpf","9"
"Zfp579","9"
"Vasp","9"
"Apoe","9"
"Usf2","9"
"Gtf2h1","9"
"Slco3a1","9"
"Ucp2","9"
"Trim21","9"
"Ptpre","9"
"Mtg1","9"
"Pet100","9"
"Angpt2","9"
"Gipc1","9"
"Wdr83","9"
"Fto","9"
"Zfp319","9"
"Cdh1","9"
"Chst4","9"
"Casp4","9"
"Zfp810","9"
"Vps26b","9"
"St14","9"
"Stt3a","9"
"Stoml1","9"
"Tipin","9"
"Tcf12","9"
"Tfdp2","9"
"Wdr48","9"
"Rpl14","9"
"Zdhhc3","9"
"Ccr2","9"
"Bicc1","9"
"Atp5d","9"
"Rps15","9"
"Mrpl42","9"
"Ptprr","9"
"Upp1","9"
"Bod1","9"
"Sar1b","9"
"2310033P09Rik","9"
"Slc25a35","9"
"Vamp2","9"
"Gabarap","9"
"Slc25a11","9"
"Wsb1","9"
"Mrpl27","9"
"Mllt6","9"
"Arhgap27","9"
"Ace","9"
"Slc39a11","9"
"Sumo2","9"
"Pgs1","9"
"Rps7","9"
"Arhgap5","9"
"Psma6","9"
"Mpp5","9"
"Eif2s1","9"
"Nrxn3","9"
"Cep128","9"
"Calm1","9"
"Meg3","9"
"Igha","9"
"Epdr1","9"
"Dusp22","9"
"Irf4","9"
"Grk6","9"
"Lpcat1","9"
"Zbed3","9"
"Mast4","9"
"Rps24","9"
"Mipep","9"
"Ctsb","9"
"Reep4","9"
"Dok2","9"
"Lpar6","9"
"Lrch1","9"
"Wbp4","9"
"Prlr","9"
"Arhgap39","9"
"Txn2","9"
"Sh3bp1","9"
"Pou6f1","9"
"Zfp263","9"
"Glyr1","9"
"1810013L24Rik","9"
"Mcm4","9"
"Klhl22","9"
"Comt","9"
"Rps2","9"
"U2af1","9"
"Brd2","9"
"Tap2","9"
"H2-Ab1","9"
"Cdc5l","9"
"Nfya","9"
"Khsrp","9"
"Ndc80","9"
"Xdh","9"
"Mib1","9"
"Sil1","9"
"Paip2","9"
"Mcc","9"
"Hmgxb3","9"
"Pias2","9"
"Ehbp1l1","9"
"Gpr137","9"
"Cox8a","9"
"Dynlt3","9"
"Slc6a8","9"
"Tbl1x","9"
